{"accuracy": [0.8779714107513428, 0.9228110313415527], "loss": [0.38443905115127563, 0.2398683726787567], "val_accuracy": [0.9103118777275085, 0.9320510029792786], "val_loss": [0.2765439450740814, 0.20876187086105347]}